id;data_inversa;dia_semana;horario;uf;br;km;municipio;causa_acidente;tipo_acidente;classificacao_acidente;fase_dia;sentido_via;condicao_metereologica;tipo_pista;tracado_via;uso_solo;pessoas;veiculos
60411;2017-08-08;terça-feira;01:10:00;SP;116;153.7;SAO JOSE DOS CAMPOS;Condutor Dormindo;Tombamento;Com Vítimas Feridas;Plena Noite;Crescente;Céu Claro;Múltipla;Reta;Sim;1;1
60414;2017-08-08;terça-feira;02:00:00;SP;116;213.8;GUARULHOS;Falta de Atenção à Condução;Colisão com objeto estático;Com Vítimas Feridas;Plena Noite;Decrescente;Nublado;Múltipla;Reta;Sim;5;5
61005;2017-08-10;quinta-feira;18:00:00;SP;116;127.4;CACAPAVA;Defeito Mecânico no Veículo;Colisão traseira;Sem Vítimas;Anoitecer;Crescente;Céu Claro;Dupla;Não Informado;Sim;2;2
61274;2017-08-11;sexta-feira;18:00:00;SP;116;166.2;JACAREI;Não guardar distância de segurança;Colisão lateral;Com Vítimas Feridas;Anoitecer;Decrescente;Céu Claro;Dupla;Reta;Não;2;2
61354;2017-08-11;sexta-feira;22:50:00;SP;116;158.9;JACAREI;Condutor Dormindo;Colisão traseira;Sem Vítimas;Plena Noite;Decrescente;Céu Claro;Dupla;Reta;Sim;2;2
61371;2017-08-12;sábado;00:40:00;SP;116;226.5;GUARULHOS;Velocidade Incompatível;Colisão com objeto em movimento;Sem Vítimas;Plena Noite;Crescente;Nublado;Simples;Reta;Sim;3;3
62116;2017-08-14;segunda-feira;11:54:00;SP;116;216.2;GUARULHOS;Falta de Atenção à Condução;Colisão traseira;Com Vítimas Feridas;Pleno dia;Decrescente;Céu Claro;Múltipla;Reta;Sim;2;2
62445;2017-08-15;terça-feira;20:30:00;SP;116;146.0;SAO JOSE DOS CAMPOS;Defeito Mecânico no Veículo;Colisão com objeto em movimento;Sem Vítimas;Plena Noite;Crescente;Céu Claro;Dupla;Não Informado;Sim;2;2
62522;2017-08-16;quarta-feira;07:50:00;SP;116;140.0;SAO JOSE DOS CAMPOS;Falta de Atenção à Condução;Colisão traseira;Com Vítimas Feridas;Pleno dia;Crescente;Sol;Dupla;Reta;Sim;3;3
62718;2017-08-16;quarta-feira;21:45:00;SP;116;124.5;CACAPAVA;Desobediência às normas de trânsito pelo condutor;Queda de ocupante de veículo;Com Vítimas Fatais;Plena Noite;Decrescente;Nublado;Dupla;Reta;Não;5;5
62829;2017-08-17;quinta-feira;12:45:00;SP;116;110.8;TAUBATE;Desobediência às normas de trânsito pelo condutor;Colisão traseira;Com Vítimas Feridas;Pleno dia;Decrescente;Chuva;Dupla;Reta;Não;2;2
63092;2017-08-18;sexta-feira;14:30:00;SP;116;157.0;SAO JOSE DOS CAMPOS;Avarias e/ou desgaste excessivo no pneu;Saída de leito carroçável;Com Vítimas Feridas;Pleno dia;Crescente;Garoa/Chuvisco;Dupla;Reta;Não;1;1
63895;2017-08-21;segunda-feira;01:50:00;SP;116;99.0;PINDAMONHANGABA;Condutor Dormindo;Colisão traseira;Com Vítimas Feridas;Plena Noite;Crescente;Chuva;Dupla;Reta;Não;2;2
64024;2017-08-21;segunda-feira;14:33:00;SP;116;219.0;GUARULHOS;Falta de Atenção à Condução;Colisão com objeto estático;Sem Vítimas;Pleno dia;Decrescente;Nublado;Múltipla;Reta;Sim;2;2
64307;2017-08-22;terça-feira;16:10:00;SP;116;154.0;SAO JOSE DOS CAMPOS;Falta de Atenção à Condução;Colisão com objeto estático;Sem Vítimas;Pleno dia;Decrescente;Nublado;Múltipla;Reta;Sim;2;2
64472;2017-08-23;quarta-feira;09:00:00;SP;116;219.0;GUARULHOS;Falta de Atenção à Condução;Colisão com objeto estático;Sem Vítimas;Pleno dia;Crescente;Nublado;Dupla;Curva;Sim;1;1
64487;2017-08-23;quarta-feira;11:15:00;SP;116;165.0;JACAREI;Falta de Atenção à Condução;Colisão traseira;Sem Vítimas;Pleno dia;Crescente;Sol;Dupla;Reta;Não;2;2
64631;2017-08-24;quinta-feira;02:10:00;SP;116;121.5;CACAPAVA;Condutor Dormindo;Colisão traseira;Sem Vítimas;Plena Noite;Decrescente;Céu Claro;Dupla;Reta;Não;2;2
64686;2017-08-24;quinta-feira;09:49:00;SP;116;161.0;JACAREI;Velocidade Incompatível;Saída de leito carroçável;Com Vítimas Feridas;Pleno dia;Decrescente;Céu Claro;Simples;Curva;Sim;17;2
65022;2017-08-25;sexta-feira;18:15:00;SP;116;149.0;SAO JOSE DOS CAMPOS;Falta de Atenção à Condução;Colisão traseira;Sem Vítimas;Plena Noite;Decrescente;Céu Claro;Dupla;Não Informado;Sim;2;2
65099;2017-08-26;sábado;00:05:00;SP;116;107.5;TAUBATE;Falta de Atenção à Condução;Colisão traseira;Com Vítimas Feridas;Plena Noite;Decrescente;Céu Claro;Dupla;Reta;Sim;2;2
65122;2017-08-26;sábado;02:20:00;SP;116;119.0;TAUBATE;Condutor Dormindo;Colisão com objeto estático;Sem Vítimas;Plena Noite;Decrescente;Nublado;Dupla;Reta;Não;1;1
65424;2017-08-27;domingo;03:00:00;SP;116;186.0;SANTA ISABEL;Falta de Atenção à Condução;Colisão lateral;Sem Vítimas;Plena Noite;Crescente;Nublado;Dupla;Curva;Não;2;2
65850;2017-08-28;segunda-feira;15:30:00;SP;116;125.9;CACAPAVA;Falta de Atenção à Condução;Queda de ocupante de veículo;Com Vítimas Feridas;Pleno dia;Decrescente;Sol;Dupla;Reta;Sim;7;5
66034;2017-08-29;terça-feira;13:00:00;SP;116;212.0;GUARULHOS;Defeito Mecânico no Veículo;Colisão traseira;Com Vítimas Feridas;Pleno dia;Crescente;Sol;Múltipla;Reta;Sim;2;2
66372;2017-08-30;quarta-feira;23:45:00;SP;116;171.4;JACAREI;Condutor Dormindo;Saída de leito carroçável;Com Vítimas Feridas;Plena Noite;Crescente;Céu Claro;Dupla;Reta;Não;2;1
66842;2017-09-01;sexta-feira;17:00:00;SP;116;125.5;CACAPAVA;Falta de Atenção à Condução;Colisão traseira;Sem Vítimas;Pleno dia;Crescente;Céu Claro;Dupla;Desvio Temporário;Não;2;2
66891;2017-09-02;sábado;01:00:00;SP;116;135.5;SAO JOSE DOS CAMPOS;Falta de Atenção do Pedestre;Atropelamento de Pedestre;Com Vítimas Fatais;Plena Noite;Crescente;Céu Claro;Dupla;Reta;Sim;9;1
67581;2017-09-04;segunda-feira;13:30:00;SP;116;204.0;ARUJA;Falta de Atenção à Condução;Colisão lateral;Sem Vítimas;Pleno dia;Decrescente;Céu Claro;Múltipla;Reta;Sim;2;2
67821;2017-09-05;terça-feira;08:05:00;SP;116;129.0;CACAPAVA;Mal Súbito;Colisão lateral;Com Vítimas Feridas;Pleno dia;Decrescente;Céu Claro;Simples;Reta;Não;4;2
68027;2017-09-06;quarta-feira;04:30:00;SP;116;227.6;SAO PAULO;Não guardar distância de segurança;Colisão traseira;Com Vítimas Feridas;Plena Noite;Crescente;Nublado;Múltipla;Reta;Sim;3;2
68066;2017-09-06;quarta-feira;07:10:00;SP;116;218.0;GUARULHOS;Falta de Atenção à Condução;Colisão lateral;Com Vítimas Feridas;Pleno dia;Crescente;Céu Claro;Múltipla;Reta;Sim;2;2
68410;2017-09-07;quinta-feira;13:46:00;SP;116;159.9;JACAREI;Falta de Atenção à Condução;Colisão lateral;Com Vítimas Feridas;Pleno dia;Crescente;Sol;Dupla;Reta;Sim;3;2
68415;2017-09-07;quinta-feira;14:00:00;SP;116;178.1;GUARAREMA;Falta de Atenção à Condução;Colisão lateral;Com Vítimas Feridas;Pleno dia;Decrescente;Sol;Dupla;Reta;Não;3;2
68541;2017-09-08;sexta-feira;00:27:00;SP;116;217.3;GUARULHOS;Falta de Atenção à Condução;Colisão traseira;Com Vítimas Feridas;Plena Noite;Crescente;Céu Claro;Múltipla;Reta;Sim;5;2
68659;2017-09-08;sexta-feira;15:40:00;SP;116;159.0;JACAREI;Falta de Atenção à Condução;Colisão com objeto estático;Sem Vítimas;Pleno dia;Decrescente;Céu Claro;Dupla;Reta;Sim;3;2
68783;2017-09-08;sexta-feira;23:40:00;SP;116;226.5;GUARULHOS;Falta de Atenção à Condução;Colisão lateral;Com Vítimas Feridas;Plena Noite;Crescente;Nublado;Simples;Reta;Não;4;4
68882;2017-09-09;sábado;11:14:00;SP;116;205.0;GUARULHOS;Ingestão de Álcool;Colisão traseira;Sem Vítimas;Pleno dia;Crescente;Céu Claro;Múltipla;Reta;Sim;2;2
69168;2017-09-10;domingo;13:50:00;SP;116;160.0;JACAREI;Falta de Atenção à Condução;Colisão lateral;Sem Vítimas;Pleno dia;Decrescente;Sol;Dupla;Reta;Sim;2;2
69475;2017-09-11;segunda-feira;15:45:00;SP;116;214.0;GUARULHOS;Falta de Atenção à Condução;Colisão transversal;Com Vítimas Feridas;Pleno dia;Decrescente;Céu Claro;Múltipla;Reta;Sim;3;2
69586;2017-09-12;terça-feira;04:35:00;SP;116;183.0;SANTA ISABEL;Condutor Dormindo;Colisão traseira;Com Vítimas Fatais;Amanhecer;Crescente;Céu Claro;Dupla;Não Informado;Não;4;2
69846;2017-09-13;quarta-feira;08:23:00;SP;116;209.0;GUARULHOS;Falta de Atenção à Condução;Colisão traseira;Sem Vítimas;Pleno dia;Crescente;Céu Claro;Múltipla;Reta;Sim;2;2
70010;2017-09-14;quinta-feira;01:00:00;SP;116;119.0;TAUBATE;Ingestão de Álcool;Colisão traseira;Sem Vítimas;Plena Noite;Decrescente;Céu Claro;Dupla;Reta;Sim;2;2
70092;2017-09-14;quinta-feira;11:40:00;SP;116;165.3;JACAREI;Defeito Mecânico no Veículo;Danos eventuais;Sem Vítimas;Pleno dia;Crescente;Sol;Múltipla;Reta;Não;1;1
70526;2017-09-15;sexta-feira;00:55:00;SP;116;175.2;GUARAREMA;Falta de Atenção à Condução;Colisão traseira;Sem Vítimas;Plena Noite;Decrescente;Céu Claro;Dupla;Reta;Sim;2;2
70568;2017-09-16;sábado;07:15:00;SP;116;129.2;CACAPAVA;Falta de Atenção à Condução;Colisão lateral;Com Vítimas Feridas;Pleno dia;Decrescente;Céu Claro;Dupla;Reta;Sim;3;2
70602;2017-09-16;sábado;08:30:00;SP;116;119.5;CACAPAVA;Falta de Atenção à Condução;Colisão traseira;Com Vítimas Feridas;Pleno dia;Decrescente;Sol;Dupla;Não Informado;Sim;5;4
71671;2017-09-20;quarta-feira;16:00:00;SP;116;146.8;SAO JOSE DOS CAMPOS;Defeito Mecânico no Veículo;Colisão com objeto estático;Com Vítimas Feridas;Pleno dia;Decrescente;Céu Claro;Dupla;Reta;Sim;2;2
71832;2017-09-21;quinta-feira;03:30:00;SP;116;188.0;SANTA ISABEL;Condutor Dormindo;Colisão traseira;Sem Vítimas;Plena Noite;Crescente;Céu Claro;Dupla;Reta;Não;1;1
71862;2017-09-21;quinta-feira;10:40:00;SP;116;147.0;SAO JOSE DOS CAMPOS;Falta de Atenção à Condução;Colisão lateral;Sem Vítimas;Pleno dia;Decrescente;Céu Claro;Múltipla;Reta;Sim;2;2
71891;2017-09-21;quinta-feira;13:10:00;SP;116;188.7;SANTA ISABEL;Falta de Atenção à Condução;Colisão lateral;Sem Vítimas;Pleno dia;Decrescente;Céu Claro;Dupla;Não Informado;Sim;2;2
72004;2017-09-21;quinta-feira;21:00:00;SP;116;225.0;GUARULHOS;Falta de Atenção à Condução;Saída de leito carroçável;Com Vítimas Feridas;Plena Noite;Decrescente;Céu Claro;Múltipla;Curva;Sim;2;1
72014;2017-09-21;quinta-feira;21:30:00;SP;116;121.0;CACAPAVA;Defeito Mecânico no Veículo;Incêndio;Sem Vítimas;Plena Noite;Decrescente;Ignorado;Dupla;Reta;Não;1;1
72064;2017-07-20;quinta-feira;10:04:00;SP;116;103.9;TAUBATE;Não guardar distância de segurança;Colisão traseira;Com Vítimas Feridas;Pleno dia;Crescente;Céu Claro;Dupla;Reta;Não;3;2
72089;2017-09-22;sexta-feira;09:13:00;SP;116;198.0;ARUJA;Defeito Mecânico no Veículo;Tombamento;Sem Vítimas;Pleno dia;Decrescente;Sol;Dupla;Desvio Temporário;Sim;1;1
72298;2017-09-23;sábado;00:15:00;SP;116;219.5;GUARULHOS;Defeito Mecânico no Veículo;Colisão com objeto estático;Com Vítimas Feridas;Plena Noite;Decrescente;Céu Claro;Múltipla;Reta;Não;3;2
72667;2017-09-24;domingo;10:30:00;SP;116;179.0;GUARAREMA;Falta de Atenção à Condução;Colisão traseira;Com Vítimas Feridas;Pleno dia;Crescente;Nublado;Dupla;Reta;Sim;2;2
73039;2017-09-25;segunda-feira;18:10:00;SP;116;146.8;SAO JOSE DOS CAMPOS;Não guardar distância de segurança;Colisão lateral;Com Vítimas Feridas;Anoitecer;Decrescente;Céu Claro;Dupla;Desvio Temporário;Sim;3;3
73374;2017-09-27;quarta-feira;09:40:00;SP;116;189.0;SANTA ISABEL;Falta de Atenção à Condução;Colisão traseira;Com Vítimas Feridas;Pleno dia;Crescente;Céu Claro;Dupla;Reta;Não;2;2
73927;2017-09-29;sexta-feira;11:53:00;SP;116;146.0;SAO JOSE DOS CAMPOS;Falta de Atenção à Condução;Colisão traseira;Com Vítimas Feridas;Pleno dia;Decrescente;Nublado;Dupla;Desvio Temporário;Sim;2;2
74179;2017-09-29;sexta-feira;23:20:00;SP;116;108.0;TAUBATE;Pista Escorregadia;Capotamento;Sem Vítimas;Plena Noite;Crescente;Chuva;Dupla;Reta;Sim;2;2
74604;2017-10-01;domingo;06:55:00;SP;116;134.0;SAO JOSE DOS CAMPOS;Condutor Dormindo;Colisão frontal;Com Vítimas Feridas;Pleno dia;Decrescente;Céu Claro;Dupla;Reta;Sim;1;1
74834;2017-10-02;segunda-feira;01:15:00;SP;116;150.4;SAO JOSE DOS CAMPOS;Avarias e/ou desgaste excessivo no pneu;Incêndio;Sem Vítimas;Plena Noite;Crescente;Céu Claro;Múltipla;Não Informado;Sim;1;1
74845;2017-10-02;segunda-feira;03:20:00;SP;116;213.0;GUARULHOS;Falta de Atenção à Condução;Colisão lateral;Sem Vítimas;Plena Noite;Crescente;Céu Claro;Múltipla;Não Informado;Sim;2;2
74856;2017-10-02;segunda-feira;05:20:00;SP;116;209.0;GUARULHOS;Defeito Mecânico no Veículo;Tombamento;Com Vítimas Feridas;Amanhecer;Decrescente;Céu Claro;Dupla;Desvio Temporário;Sim;5;5
74938;2017-10-02;segunda-feira;11:30:00;SP;116;142.4;SAO JOSE DOS CAMPOS;Pista Escorregadia;Queda de ocupante de veículo;Com Vítimas Fatais;Pleno dia;Decrescente;Chuva;Dupla;Reta;Sim;2;2
75000;2017-10-02;segunda-feira;14:45:00;SP;116;219.0;GUARULHOS;Falta de Atenção à Condução;Colisão com objeto em movimento;Com Vítimas Feridas;Pleno dia;Decrescente;Nublado;Simples;Reta;Não;2;2
75030;2017-10-02;segunda-feira;16:00:00;SP;116;186.0;SANTA ISABEL;Falta de Atenção à Condução;Colisão lateral;Com Vítimas Feridas;Pleno dia;Crescente;Nublado;Dupla;Curva;Não;2;2
75200;2017-10-03;terça-feira;09:10:00;SP;116;216.2;GUARULHOS;Falta de Atenção à Condução;Colisão com objeto estático;Sem Vítimas;Pleno dia;Crescente;Nublado;Múltipla;Reta;Sim;1;1
75323;2017-10-03;terça-feira;18:30:00;SP;116;151.0;SAO JOSE DOS CAMPOS;Falta de Atenção à Condução;Colisão traseira;Sem Vítimas;Pleno dia;Decrescente;Céu Claro;Dupla;Reta;Sim;2;2
75529;2017-06-15;quinta-feira;10:15:00;SP;116;181.3;GUARAREMA;Falta de Atenção à Condução;Colisão lateral;Com Vítimas Feridas;Pleno dia;Crescente;Céu Claro;Dupla;Reta;Não;6;2
75709;2017-10-05;quinta-feira;13:14:00;SP;116;110.4;TAUBATE;Falta de Atenção à Condução;Tombamento;Com Vítimas Feridas;Pleno dia;Decrescente;Céu Claro;Dupla;Reta;Sim;2;2
75755;2017-10-05;quinta-feira;17:40:00;SP;116;165.3;JACAREI;Falta de Atenção à Condução;Colisão lateral;Sem Vítimas;Anoitecer;Decrescente;Céu Claro;Dupla;Reta;Não;2;2
75995;2017-10-06;sexta-feira;15:30:00;SP;116;150.0;SAO JOSE DOS CAMPOS;Defeito Mecânico no Veículo;Colisão traseira;Sem Vítimas;Pleno dia;Decrescente;Céu Claro;Múltipla;Reta;Sim;3;3
76939;2017-10-09;segunda-feira;14:30:00;SP;116;216.0;GUARULHOS;Falta de Atenção à Condução;Colisão lateral;Sem Vítimas;Pleno dia;Crescente;Céu Claro;Múltipla;Não Informado;Sim;4;3
77009;2017-10-09;segunda-feira;19:30:00;SP;116;133.4;CACAPAVA;Falta de Atenção à Condução;Colisão traseira;Sem Vítimas;Plena Noite;Crescente;Céu Claro;Dupla;Reta;Sim;2;2
77066;2017-10-10;terça-feira;07:45:00;SP;116;178.0;GUARAREMA;Falta de Atenção à Condução;Colisão traseira;Sem Vítimas;Pleno dia;Decrescente;Céu Claro;Dupla;Reta;Sim;3;3
77091;2017-10-10;terça-feira;06:50:00;SP;116;158.7;JACAREI;Falta de Atenção à Condução;Colisão traseira;Sem Vítimas;Pleno dia;Decrescente;Céu Claro;Dupla;Reta;Sim;2;2
77206;2017-10-10;terça-feira;19:15:00;SP;116;162.0;JACAREI;Falta de Atenção à Condução;Colisão lateral;Sem Vítimas;Plena Noite;Decrescente;Chuva;Múltipla;Interseção de vias;Não;2;2
77460;2017-10-11;quarta-feira;17:07:00;SP;116;223.0;GUARULHOS;Falta de Atenção à Condução;Colisão traseira;Sem Vítimas;Anoitecer;Decrescente;Céu Claro;Múltipla;Reta;Sim;3;3
77854;2017-10-13;sexta-feira;02:10:00;SP;116;109.0;TAUBATE;Falta de Atenção à Condução;Colisão traseira;Com Vítimas Feridas;Plena Noite;Crescente;Céu Claro;Dupla;Reta;Sim;2;2
77863;2017-10-13;sexta-feira;04:19:00;SP;116;217.0;GUARULHOS;Defeito Mecânico no Veículo;Tombamento;Sem Vítimas;Amanhecer;Decrescente;Nublado;Múltipla;Não Informado;Sim;3;3
77999;2017-10-13;sexta-feira;16:44:00;SP;116;182.5;SANTA ISABEL;Defeito Mecânico no Veículo;Colisão com objeto estático;Sem Vítimas;Pleno dia;Decrescente;Sol;Dupla;Reta;Não;1;1
78049;2017-10-13;sexta-feira;20:55:00;SP;116;219.5;GUARULHOS;Defeito Mecânico no Veículo;Colisão traseira;Sem Vítimas;Plena Noite;Decrescente;Chuva;Múltipla;Reta;Sim;2;2
78649;2017-10-16;segunda-feira;01:15:00;SP;116;199.0;ARUJA;Condutor Dormindo;Colisão traseira;Com Vítimas Feridas;Plena Noite;Decrescente;Nublado;Múltipla;Reta;Sim;2;2
78814;2017-07-08;sábado;23:10:00;SP;116;211.0;GUARULHOS;Falta de Atenção à Condução;Colisão traseira;Com Vítimas Fatais;Plena Noite;Decrescente;Céu Claro;Múltipla;Reta;Sim;3;2
78875;2017-10-16;segunda-feira;18:30:00;SP;116;221.0;GUARULHOS;Restrição de Visibilidade;Colisão lateral;Com Vítimas Feridas;Anoitecer;Crescente;Nublado;Múltipla;Reta;Sim;2;2
79310;2017-10-18;quarta-feira;18:05:00;SP;116;153.2;SAO JOSE DOS CAMPOS;Falta de Atenção à Condução;Tombamento;Sem Vítimas;Pleno dia;Decrescente;Céu Claro;Múltipla;Reta;Sim;3;3
79454;2017-10-19;quinta-feira;11:05:00;SP;116;221.3;GUARULHOS;Falta de Atenção à Condução;Colisão lateral;Sem Vítimas;Pleno dia;Crescente;Céu Claro;Múltipla;Reta;Sim;3;3
79876;2017-10-21;sábado;04:30:00;SP;116;210.1;GUARULHOS;Ingestão de Álcool;Colisão traseira;Com Vítimas Feridas;Plena Noite;Crescente;Nublado;Múltipla;Reta;Não;3;2
80002;2017-10-21;sábado;15:10:00;SP;116;216.0;GUARULHOS;Defeito Mecânico no Veículo;Colisão traseira;Com Vítimas Feridas;Pleno dia;Decrescente;Céu Claro;Múltipla;Reta;Sim;3;2
80136;2017-10-21;sábado;23:30:00;SP;116;115.9;TAUBATE;Falta de Atenção à Condução;Colisão traseira;Com Vítimas Feridas;Plena Noite;Decrescente;Nublado;Dupla;Reta;Sim;3;2
80202;2017-10-22;domingo;06:55:00;SP;116;100.0;PINDAMONHANGABA;Falta de Atenção do Pedestre;Colisão traseira;Com Vítimas Feridas;Pleno dia;Decrescente;Chuva;Dupla;Reta;Sim;2;2
80256;2017-10-22;domingo;11:00:00;SP;116;161.9;JACAREI;Falta de Atenção à Condução;Colisão com objeto estático;Sem Vítimas;Pleno dia;Crescente;Chuva;Dupla;Reta;Sim;2;2
80370;2017-10-22;domingo;19:30:00;SP;116;165.0;JACAREI;Pista Escorregadia;Colisão lateral;Sem Vítimas;Plena Noite;Crescente;Chuva;Múltipla;Reta;Sim;3;3
80399;2017-10-22;domingo;21:30:00;SP;116;102.0;PINDAMONHANGABA;Falta de Atenção do Pedestre;Atropelamento de Pedestre;Com Vítimas Feridas;Plena Noite;Decrescente;Garoa/Chuvisco;Múltipla;Reta;Não;2;1
80454;2017-10-23;segunda-feira;04:00:00;SP;116;207.0;GUARULHOS;Falta de Atenção à Condução;Colisão traseira;Com Vítimas Feridas;Plena Noite;Crescente;Céu Claro;Dupla;Reta;Não;3;2
80458;2017-10-23;segunda-feira;04:30:00;SP;116;156.0;SAO JOSE DOS CAMPOS;Animais na Pista;Atropelamento de Animal;Sem Vítimas;Plena Noite;Decrescente;Chuva;Simples;Não Informado;Sim;1;1
80513;2017-10-23;segunda-feira;09:00:00;SP;116;208.9;GUARULHOS;Defeito Mecânico no Veículo;Tombamento;Com Vítimas Feridas;Pleno dia;Crescente;Nublado;Dupla;Reta;Não;2;2
80581;2017-10-23;segunda-feira;15:00:00;SP;116;173.0;JACAREI;Avarias e/ou desgaste excessivo no pneu;Tombamento;Com Vítimas Feridas;Pleno dia;Crescente;Céu Claro;Dupla;Reta;Não;3;1
80585;2017-10-23;segunda-feira;14:40:00;SP;116;216.0;GUARULHOS;Não guardar distância de segurança;Colisão traseira;Com Vítimas Feridas;Pleno dia;Crescente;Chuva;Múltipla;Reta;Sim;2;2
80610;2017-10-23;segunda-feira;17:10:00;SP;116;223.0;GUARULHOS;Falta de Atenção à Condução;Colisão lateral;Com Vítimas Feridas;Pleno dia;Crescente;Nublado;Múltipla;Reta;Sim;2;2
80662;2017-10-06;sexta-feira;15:00:00;SP;116;144.0;SAO JOSE DOS CAMPOS;Falta de Atenção à Condução;Colisão traseira;Com Vítimas Feridas;Pleno dia;Decrescente;Céu Claro;Dupla;Reta;Não;5;5
80726;2017-10-24;terça-feira;07:20:00;SP;116;127.5;CACAPAVA;Desobediência às normas de trânsito pelo condutor;Colisão lateral;Com Vítimas Feridas;Pleno dia;Crescente;Nublado;Simples;Reta;Sim;4;2
80768;2017-10-24;terça-feira;11:10:00;SP;116;166.1;JACAREI;Falta de Atenção à Condução;Colisão transversal;Com Vítimas Feridas;Pleno dia;Decrescente;Nublado;Dupla;Reta;Não;2;2
80780;2017-10-24;terça-feira;12:19:00;SP;116;216.0;GUARULHOS;Falta de Atenção à Condução;Colisão lateral;Com Vítimas Feridas;Pleno dia;Crescente;Nublado;Múltipla;Não Informado;Sim;2;2
80862;2017-10-24;terça-feira;18:30:00;SP;116;110.2;TAUBATE;Falta de Atenção à Condução;Colisão lateral;Sem Vítimas;Anoitecer;Decrescente;Nublado;Dupla;Reta;Sim;2;2
81007;2017-10-25;quarta-feira;14:50:00;SP;116;207.8;GUARULHOS;Falta de Atenção à Condução;Engavetamento;Com Vítimas Feridas;Pleno dia;Crescente;Sol;Dupla;Reta;Sim;5;5
81135;2017-10-26;quinta-feira;05:31:00;SP;116;215.6;GUARULHOS;Falta de Atenção à Condução;Colisão lateral;Sem Vítimas;Amanhecer;Decrescente;Chuva;Múltipla;Reta;Sim;2;2
81169;2017-10-26;quinta-feira;08:00:00;SP;116;140.1;SAO JOSE DOS CAMPOS;Falta de Atenção à Condução;Colisão lateral;Sem Vítimas;Pleno dia;Decrescente;Chuva;Dupla;Reta;Sim;2;2
81316;2017-10-26;quinta-feira;21:10:00;SP;116;200.2;ARUJA;Defeito Mecânico no Veículo;Incêndio;Sem Vítimas;Plena Noite;Decrescente;Nublado;Dupla;Reta;Não;3;2
81702;2017-10-28;sábado;06:20:00;SP;116;159.8;JACAREI;Condutor Dormindo;Colisão lateral;Com Vítimas Feridas;Pleno dia;Decrescente;Nublado;Dupla;Reta;Sim;3;3
82585;2017-10-31;terça-feira;11:15:00;SP;116;216.9;GUARULHOS;Velocidade Incompatível;Tombamento;Com Vítimas Feridas;Pleno dia;Crescente;Nublado;Dupla;Curva;Sim;1;1
82720;2017-10-31;terça-feira;20:05:00;SP;116;153.0;SAO JOSE DOS CAMPOS;Falta de Atenção à Condução;Colisão lateral;Com Vítimas Feridas;Plena Noite;Decrescente;Céu Claro;Dupla;Reta;Sim;2;2
82733;2017-10-31;terça-feira;21:35:00;SP;116;225.1;GUARULHOS;Desobediência às normas de trânsito pelo condutor;Colisão lateral;Sem Vítimas;Plena Noite;Crescente;Nublado;Múltipla;Não Informado;Sim;2;2
83024;2017-11-02;quinta-feira;06:50:00;SP;116;191.0;SANTA ISABEL;Falta de Atenção à Condução;Colisão traseira;Com Vítimas Feridas;Pleno dia;Decrescente;Céu Claro;Dupla;Curva;Não;4;3
83243;2017-11-03;sexta-feira;09:20:00;SP;116;225.5;GUARULHOS;Não guardar distância de segurança;Colisão traseira;Sem Vítimas;Pleno dia;Crescente;Céu Claro;Múltipla;Não Informado;Sim;2;2
83316;2017-11-03;sexta-feira;15:30:00;SP;116;113.3;TAUBATE;Fenômenos da Natureza;Colisão com objeto estático;Sem Vítimas;Pleno dia;Decrescente;Céu Claro;Dupla;Reta;Sim;1;1
83692;2017-11-05;domingo;01:40:00;SP;116;228.0;SAO PAULO;Ingestão de Álcool;Colisão lateral;Sem Vítimas;Plena Noite;Crescente;Céu Claro;Múltipla;Reta;Sim;2;2
83838;2017-11-05;domingo;17:15:00;SP;116;106.0;TAUBATE;Falta de Atenção à Condução;Colisão traseira;Com Vítimas Feridas;Pleno dia;Decrescente;Céu Claro;Dupla;Reta;Sim;2;2
83950;2017-11-06;segunda-feira;02:40:00;SP;116;186.1;SANTA ISABEL;Falta de Atenção à Condução;Atropelamento de Pedestre;Com Vítimas Fatais;Plena Noite;Decrescente;Céu Claro;Simples;Não Informado;Não;2;1