id;data_inversa;dia_semana;horario;uf;br;km;municipio;causa_acidente;tipo_acidente;classificacao_acidente;fase_dia;sentido_via;condicao_metereologica;tipo_pista;tracado_via;uso_solo;pessoas;veiculos
28843;2017-04-14;sexta-feira;15:38:00;SP;116;154.8;SAO JOSE DOS CAMPOS;Falta de Atenção à Condução;Colisão traseira;Com Vítimas Feridas;Pleno dia;Decrescente;Céu Claro;Múltipla;Não Informado;Sim;2;2
29049;2017-04-15;sábado;14:27:00;SP;116;200.7;ARUJA;Falta de Atenção à Condução;Colisão com objeto estático;Sem Vítimas;Pleno dia;Crescente;Céu Claro;Dupla;Curva;Sim;1;1
29321;2017-04-16;domingo;12:45:00;SP;116;155.8;SAO JOSE DOS CAMPOS;Falta de Atenção do Pedestre;Colisão traseira;Sem Vítimas;Pleno dia;Crescente;Céu Claro;Múltipla;Não Informado;Sim;2;2
29372;2017-04-16;domingo;16:20:00;SP;116;144.3;SAO JOSE DOS CAMPOS;Falta de Atenção à Condução;Colisão lateral;Com Vítimas Feridas;Pleno dia;Crescente;Céu Claro;Múltipla;Reta;Sim;4;2
29392;2017-04-16;domingo;17:05:00;SP;116;165.0;JACAREI;Ingestão de Álcool;Colisão traseira;Sem Vítimas;Pleno dia;Decrescente;Sol;Múltipla;Reta;Não;2;2
29762;2017-04-17;segunda-feira;17:10:00;SP;116;110.2;TAUBATE;Avarias e/ou desgaste excessivo no pneu;Queda de ocupante de veículo;Com Vítimas Feridas;Anoitecer;Crescente;Nublado;Dupla;Reta;Sim;2;1
29939;2017-04-18;terça-feira;08:10:00;SP;116;226.9;GUARULHOS;Falta de Atenção à Condução;Colisão lateral;Com Vítimas Feridas;Pleno dia;Crescente;Nublado;Múltipla;Reta;Não;2;2
29980;2017-04-18;terça-feira;09:00:00;SP;116;211.0;GUARULHOS;Defeito Mecânico no Veículo;Colisão com objeto em movimento;Sem Vítimas;Pleno dia;Crescente;Céu Claro;Múltipla;Reta;Sim;2;2
30022;2017-04-18;terça-feira;18:30:00;SP;116;144.7;SAO JOSE DOS CAMPOS;Falta de Atenção à Condução;Colisão lateral;Com Vítimas Feridas;Plena Noite;Crescente;Céu Claro;Múltipla;Reta;Sim;1;1
30129;2017-04-19;quarta-feira;08:10:00;SP;116;120.0;CACAPAVA;Falta de Atenção à Condução;Atropelamento de Pedestre;Com Vítimas Feridas;Amanhecer;Decrescente;Céu Claro;Simples;Reta;Não;2;1
30286;2017-04-19;quarta-feira;22:15:00;SP;116;220.0;GUARULHOS;Ingestão de Álcool;Colisão transversal;Com Vítimas Feridas;Plena Noite;Crescente;Céu Claro;Múltipla;Reta;Não;2;2
30328;2017-04-20;quinta-feira;00:10:00;SP;116;201.0;ARUJA;Ingestão de Álcool;Atropelamento de Pedestre;Com Vítimas Fatais;Plena Noite;Decrescente;Céu Claro;Dupla;Reta;Sim;2;1
30562;2017-04-20;quinta-feira;18:50:00;SP;116;157.5;SAO JOSE DOS CAMPOS;Falta de Atenção à Condução;Queda de ocupante de veículo;Com Vítimas Feridas;Plena Noite;Decrescente;Céu Claro;Múltipla;Reta;Sim;1;1
30565;2017-04-20;quinta-feira;19:30:00;SP;116;147.8;SAO JOSE DOS CAMPOS;Não guardar distância de segurança;Colisão traseira;Sem Vítimas;Plena Noite;Decrescente;Céu Claro;Múltipla;Reta;Sim;2;2
30595;2017-04-20;quinta-feira;21:15:00;SP;116;188.5;SANTA ISABEL;Não guardar distância de segurança;Capotamento;Com Vítimas Feridas;Plena Noite;Decrescente;Céu Claro;Dupla;Reta;Não;2;1
30654;2017-04-21;sexta-feira;01:50:00;SP;116;199.0;ARUJA;Falta de Atenção à Condução;Colisão traseira;Sem Vítimas;Plena Noite;Crescente;Nublado;Dupla;Reta;Sim;5;2
30840;2017-04-21;sexta-feira;16:30:00;SP;116;146.0;SAO JOSE DOS CAMPOS;Avarias e/ou desgaste excessivo no pneu;Tombamento;Com Vítimas Feridas;Pleno dia;Decrescente;Nublado;Dupla;Desvio Temporário;Sim;2;1
30870;2017-04-21;sexta-feira;17:50:00;SP;116;214.0;GUARULHOS;Pista Escorregadia;Colisão traseira;Sem Vítimas;Anoitecer;Crescente;Chuva;Múltipla;Reta;Sim;2;2
30893;2017-04-21;sexta-feira;19:00:00;SP;116;169.0;JACAREI;Animais na Pista;Capotamento;Sem Vítimas;Plena Noite;Crescente;Nublado;Dupla;Reta;Não;1;1
30924;2017-04-21;sexta-feira;21:12:00;SP;116;193.0;SANTA ISABEL;Condutor Dormindo;Saída de leito carroçável;Com Vítimas Feridas;Plena Noite;Decrescente;Chuva;Dupla;Reta;Não;1;1
30969;2017-04-22;sábado;00:30:00;SP;116;218.3;GUARULHOS;Falta de Atenção à Condução;Colisão com objeto estático;Com Vítimas Feridas;Plena Noite;Crescente;Céu Claro;Múltipla;Reta;Não;1;1
31033;2017-04-22;sábado;08:41:00;SP;116;221.0;GUARULHOS;Falta de Atenção à Condução;Colisão traseira;Sem Vítimas;Pleno dia;Decrescente;Céu Claro;Múltipla;Reta;Sim;2;2
31041;2017-04-22;sábado;08:51:00;SP;116;221.0;GUARULHOS;Defeito Mecânico no Veículo;Saída de leito carroçável;Com Vítimas Feridas;Pleno dia;Crescente;Céu Claro;Múltipla;Reta;Sim;1;1
31086;2017-04-22;sábado;11:35:00;SP;116;130.0;CACAPAVA;Falta de Atenção à Condução;Tombamento;Com Vítimas Feridas;Pleno dia;Decrescente;Céu Claro;Dupla;Reta;Não;2;1
31147;2017-04-22;sábado;16:20:00;SP;116;219.5;GUARULHOS;Falta de Atenção à Condução;Colisão lateral;Com Vítimas Feridas;Pleno dia;Crescente;Garoa/Chuvisco;Múltipla;Reta;Não;2;2
31289;2017-04-23;domingo;04:30:00;SP;116;149.9;SAO JOSE DOS CAMPOS;Ingestão de Álcool;Capotamento;Com Vítimas Feridas;Plena Noite;Crescente;Garoa/Chuvisco;Dupla;Não Informado;Sim;4;1
31405;2017-04-23;domingo;15:20:00;SP;116;150.0;SAO JOSE DOS CAMPOS;Ingestão de Álcool;Colisão lateral;Sem Vítimas;Pleno dia;Decrescente;Nublado;Dupla;Reta;Sim;1;1
31537;2017-04-23;domingo;22:30:00;SP;116;155.0;SAO JOSE DOS CAMPOS;Falta de Atenção à Condução;Saída de leito carroçável;Sem Vítimas;Plena Noite;Crescente;Nublado;Dupla;Reta;Sim;1;1
31596;2017-04-24;segunda-feira;08:10:00;SP;116;137.7;SAO JOSE DOS CAMPOS;Falta de Atenção à Condução;Engavetamento;Sem Vítimas;Pleno dia;Crescente;Céu Claro;Dupla;Reta;Não;3;3
31622;2017-04-24;segunda-feira;09:40:00;SP;116;223.8;GUARULHOS;Falta de Atenção à Condução;Colisão traseira;Sem Vítimas;Pleno dia;Crescente;Sol;Múltipla;Reta;Sim;2;2
31687;2017-04-24;segunda-feira;14:55:00;SP;116;223.4;GUARULHOS;Não guardar distância de segurança;Colisão traseira;Com Vítimas Feridas;Pleno dia;Crescente;Céu Claro;Múltipla;Reta;Sim;4;3
31811;2017-04-24;segunda-feira;23:25:00;SP;116;217.5;GUARULHOS;Objeto estático sobre o leito carroçável;Colisão com objeto estático;Com Vítimas Feridas;Plena Noite;Crescente;Céu Claro;Múltipla;Reta;Sim;1;1
31890;2017-04-25;terça-feira;11:45:00;SP;116;199.8;ARUJA;Não guardar distância de segurança;Colisão traseira;Com Vítimas Feridas;Pleno dia;Decrescente;Céu Claro;Dupla;Reta;Sim;2;2
31896;2017-04-25;terça-feira;12:46:00;SP;116;178.0;GUARAREMA;Avarias e/ou desgaste excessivo no pneu;Tombamento;Sem Vítimas;Pleno dia;Decrescente;Sol;Dupla;Reta;Não;1;1
32025;2017-04-25;terça-feira;23:20:00;SP;116;223.0;GUARULHOS;Falta de Atenção à Condução;Colisão traseira;Com Vítimas Feridas;Plena Noite;Decrescente;Céu Claro;Múltipla;Reta;Sim;3;3
32082;2017-04-26;quarta-feira;08:00:00;SP;116;157.0;SAO JOSE DOS CAMPOS;Ultrapassagem Indevida;Colisão traseira;Sem Vítimas;Pleno dia;Decrescente;Nublado;Simples;Reta;Sim;2;2
32091;2017-04-26;quarta-feira;07:40:00;SP;116;160.5;JACAREI;Falta de Atenção à Condução;Colisão traseira;Sem Vítimas;Pleno dia;Decrescente;Sol;Dupla;Reta;Sim;9;3
32245;2017-04-26;quarta-feira;18:20:00;SP;116;222.6;GUARULHOS;Falta de Atenção à Condução;Tombamento;Com Vítimas Feridas;Anoitecer;Decrescente;Garoa/Chuvisco;Múltipla;Reta;Não;2;1
32267;2017-04-26;quarta-feira;19:26:00;SP;116;210.0;GUARULHOS;Falta de Atenção à Condução;Colisão lateral;Com Vítimas Feridas;Plena Noite;Decrescente;Garoa/Chuvisco;Múltipla;Interseção de vias;Sim;2;2
32311;2017-04-27;quinta-feira;02:30:00;SP;116;156.6;SAO JOSE DOS CAMPOS;Ingestão de Álcool;Capotamento;Sem Vítimas;Plena Noite;Crescente;Garoa/Chuvisco;Dupla;Reta;Sim;2;1
32526;2017-04-27;quinta-feira;18:41:00;SP;116;149.0;SAO JOSE DOS CAMPOS;Falta de Atenção à Condução;Colisão traseira;Sem Vítimas;Plena Noite;Crescente;Nublado;Dupla;Viaduto;Sim;3;3
32534;2017-04-27;quinta-feira;19:40:00;SP;116;225.6;GUARULHOS;Não guardar distância de segurança;Colisão traseira;Com Vítimas Feridas;Plena Noite;Decrescente;Garoa/Chuvisco;Múltipla;Reta;Não;4;2
32541;2017-04-27;quinta-feira;20:00:00;SP;116;220.0;GUARULHOS;Velocidade Incompatível;Colisão traseira;Com Vítimas Feridas;Plena Noite;Decrescente;Céu Claro;Múltipla;Reta;Sim;2;2
32779;2017-04-28;sexta-feira;17:00:00;SP;116;154.0;SAO JOSE DOS CAMPOS;Defeito Mecânico no Veículo;Queda de ocupante de veículo;Com Vítimas Feridas;Pleno dia;Crescente;Céu Claro;Simples;Reta;Não;2;1
32895;2017-04-28;sexta-feira;23:10:00;SP;116;214.9;GUARULHOS;Falta de Atenção à Condução;Saída de leito carroçável;Sem Vítimas;Plena Noite;Decrescente;Garoa/Chuvisco;Múltipla;Reta;Sim;1;1
32896;2017-04-28;sexta-feira;21:30:00;SP;116;180.0;GUARAREMA;Falta de Atenção à Condução;Colisão com objeto estático;Com Vítimas Feridas;Plena Noite;Decrescente;Nublado;Dupla;Curva;Não;5;1
32916;2017-04-29;sábado;01:00:00;SP;116;108.7;TAUBATE;Ingestão de Álcool;Tombamento;Sem Vítimas;Plena Noite;Decrescente;Garoa/Chuvisco;Dupla;Desvio Temporário;Sim;1;1
33208;2017-04-29;sábado;21:00:00;SP;116;112.0;TAUBATE;Mal Súbito;Capotamento;Com Vítimas Feridas;Plena Noite;Decrescente;Chuva;Dupla;Reta;Sim;1;1
33247;2017-04-30;domingo;03:29:00;SP;116;120.2;CACAPAVA;Condutor Dormindo;Colisão traseira;Sem Vítimas;Plena Noite;Decrescente;Céu Claro;Dupla;Reta;Não;2;2
33338;2017-04-30;domingo;11:20:00;SP;116;113.3;TAUBATE;Não guardar distância de segurança;Colisão traseira;Com Vítimas Feridas;Pleno dia;Decrescente;Nublado;Dupla;Reta;Sim;2;2
33355;2017-04-30;domingo;13:32:00;SP;116;226.0;GUARULHOS;Falta de Atenção à Condução;Colisão lateral;Sem Vítimas;Pleno dia;Decrescente;Céu Claro;Múltipla;Interseção de vias;Sim;2;2
33399;2017-04-30;domingo;17:00:00;SP;116;147.8;SAO JOSE DOS CAMPOS;Velocidade Incompatível;Colisão lateral;Sem Vítimas;Pleno dia;Crescente;Céu Claro;Dupla;Interseção de vias;Sim;2;2
33404;2017-04-30;domingo;17:25:00;SP;116;104.9;TAUBATE;Não guardar distância de segurança;Colisão traseira;Com Vítimas Feridas;Pleno dia;Crescente;Nublado;Dupla;Reta;Sim;4;2
33428;2017-04-30;domingo;18:50:00;SP;116;141.6;SAO JOSE DOS CAMPOS;Falta de Atenção do Pedestre;Atropelamento de Pedestre;Com Vítimas Feridas;Plena Noite;Crescente;Céu Claro;Dupla;Reta;Sim;2;1
33455;2017-04-30;domingo;20:00:00;SP;116;180.8;GUARAREMA;Ingestão de Álcool;Colisão traseira;Com Vítimas Feridas;Plena Noite;Crescente;Céu Claro;Múltipla;Reta;Sim;5;3
33480;2017-04-30;domingo;21:30:00;SP;116;218.0;GUARULHOS;Defeito Mecânico no Veículo;Incêndio;Sem Vítimas;Plena Noite;Decrescente;Céu Claro;Múltipla;Interseção de vias;Sim;1;1
33579;2017-05-01;segunda-feira;11:35:00;SP;116;218.7;GUARULHOS;Avarias e/ou desgaste excessivo no pneu;Tombamento;Com Vítimas Feridas;Pleno dia;Decrescente;Sol;Múltipla;Reta;Sim;1;1
33610;2017-05-01;segunda-feira;14:20:00;SP;116;107.4;TAUBATE;Não guardar distância de segurança;Engavetamento;Sem Vítimas;Pleno dia;Crescente;Céu Claro;Dupla;Reta;Sim;6;6
33659;2017-05-01;segunda-feira;18:40:00;SP;116;210.3;GUARULHOS;Ingestão de Álcool;Atropelamento de Pedestre;Com Vítimas Feridas;Anoitecer;Crescente;Nublado;Dupla;Reta;Sim;2;1
33686;2017-05-01;segunda-feira;18:30:00;SP;116;174.0;JACAREI;Falta de Atenção à Condução;Colisão lateral;Sem Vítimas;Plena Noite;Decrescente;Céu Claro;Dupla;Reta;Não;2;2
33716;2017-05-01;segunda-feira;21:00:00;SP;116;154.8;SAO JOSE DOS CAMPOS;Falta de Atenção à Condução;Saída de leito carroçável;Com Vítimas Feridas;Plena Noite;Crescente;Nevoeiro/Neblina;Dupla;Reta;Não;3;1
33806;2017-05-02;terça-feira;08:15:00;SP;116;138.9;SAO JOSE DOS CAMPOS;Ultrapassagem Indevida;Colisão traseira;Com Vítimas Feridas;Pleno dia;Crescente;Nublado;Dupla;Reta;Sim;2;2
33850;2017-05-02;terça-feira;11:47:00;SP;116;225.0;GUARULHOS;Defeito Mecânico no Veículo;Queda de ocupante de veículo;Com Vítimas Feridas;Pleno dia;Crescente;Céu Claro;Múltipla;Não Informado;Sim;1;1
33871;2017-05-02;terça-feira;13:30:00;SP;116;219.0;GUARULHOS;Falta de Atenção à Condução;Colisão traseira;Com Vítimas Feridas;Pleno dia;Decrescente;Sol;Múltipla;Desvio Temporário;Sim;4;3
33891;2017-05-02;terça-feira;13:00:00;SP;116;174.4;JACAREI;Defeito Mecânico no Veículo;Danos eventuais;Com Vítimas Feridas;Pleno dia;Crescente;Sol;Dupla;Reta;Não;3;2
33951;2017-05-02;terça-feira;18:35:00;SP;116;198.0;ARUJA;Ingestão de Álcool;Queda de ocupante de veículo;Com Vítimas Feridas;Plena Noite;Crescente;Nublado;Múltipla;Reta;Sim;1;1
34114;2017-04-22;sábado;01:45:00;SP;116;140.8;SAO JOSE DOS CAMPOS;Defeito Mecânico no Veículo;Incêndio;Sem Vítimas;Pleno dia;Crescente;Chuva;Dupla;Reta;Sim;1;1
34193;2017-04-10;segunda-feira;09:40:00;SP;116;149.5;SAO JOSE DOS CAMPOS;Falta de Atenção à Condução;Colisão traseira;Com Vítimas Feridas;Pleno dia;Decrescente;Céu Claro;Múltipla;Não Informado;Sim;2;2
34280;2017-05-04;quinta-feira;07:00:00;SP;116;219.0;GUARULHOS;Falta de Atenção à Condução;Colisão lateral;Com Vítimas Feridas;Pleno dia;Crescente;Céu Claro;Múltipla;Reta;Sim;2;2
34351;2017-05-04;quinta-feira;13:13:00;SP;116;223.9;GUARULHOS;Falta de Atenção à Condução;Colisão lateral;Com Vítimas Feridas;Pleno dia;Crescente;Sol;Múltipla;Reta;Não;2;2
34359;2017-05-04;quinta-feira;14:12:00;SP;116;218.0;GUARULHOS;Desobediência às normas de trânsito pelo condutor;Colisão lateral;Com Vítimas Feridas;Pleno dia;Crescente;Céu Claro;Múltipla;Reta;Sim;2;2
34595;2017-05-05;sexta-feira;13:00:00;SP;116;223.0;GUARULHOS;Não guardar distância de segurança;Colisão traseira;Com Vítimas Feridas;Pleno dia;Crescente;Chuva;Múltipla;Reta;Sim;2;2
34795;2017-05-06;sábado;02:31:00;SP;116;220.0;GUARULHOS;Não guardar distância de segurança;Colisão com objeto estático;Com Vítimas Feridas;Plena Noite;Decrescente;Nublado;Múltipla;Reta;Sim;2;1
34808;2017-05-06;sábado;04:30:00;SP;116;156.6;SAO JOSE DOS CAMPOS;Restrição de Visibilidade;Atropelamento de Pedestre;Com Vítimas Fatais;Plena Noite;Decrescente;Nevoeiro/Neblina;Dupla;Reta;Sim;3;1
34814;2017-05-06;sábado;05:00:00;SP;116;129.9;CACAPAVA;Falta de Atenção à Condução;Colisão traseira;Sem Vítimas;Plena Noite;Crescente;Nublado;Dupla;Reta;Não;2;1
34937;2017-05-06;sábado;13:20:00;SP;116;194.0;SANTA ISABEL;Falta de Atenção à Condução;Saída de leito carroçável;Sem Vítimas;Pleno dia;Decrescente;Céu Claro;Dupla;Retorno Regulamentado;Não;1;1
34953;2017-05-06;sábado;14:00:00;SP;116;229.9;SAO PAULO;Não guardar distância de segurança;Colisão lateral;Com Vítimas Feridas;Pleno dia;Crescente;Nublado;Múltipla;Reta;Sim;2;2
35011;2017-05-06;sábado;17:30:00;SP;116;218.0;GUARULHOS;Falta de Atenção à Condução;Colisão lateral;Sem Vítimas;Pleno dia;Decrescente;Céu Claro;Múltipla;Reta;Sim;2;2
35106;2017-05-06;sábado;22:45:00;SP;116;222.9;GUARULHOS;Falta de Atenção à Condução;Colisão com objeto estático;Com Vítimas Feridas;Plena Noite;Decrescente;Nublado;Múltipla;Reta;Sim;1;1
35124;2017-05-07;domingo;00:49:00;SP;116;210.0;GUARULHOS;Falta de Atenção à Condução;Colisão traseira;Com Vítimas Feridas;Plena Noite;Decrescente;Garoa/Chuvisco;Múltipla;Reta;Sim;2;2
35140;2017-05-07;domingo;03:00:00;SP;116;202.0;ARUJA;Animais na Pista;Atropelamento de Animal;Com Vítimas Feridas;Plena Noite;Crescente;Nublado;Múltipla;Reta;Sim;1;1
35142;2017-05-07;domingo;02:35:00;SP;116;213.5;GUARULHOS;Falta de Atenção à Condução;Colisão com objeto estático;Com Vítimas Feridas;Plena Noite;Crescente;Nublado;Múltipla;Reta;Não;3;1
35163;2017-05-07;domingo;05:13:00;SP;116;216.7;GUARULHOS;Falta de Atenção à Condução;Colisão traseira;Com Vítimas Feridas;Plena Noite;Decrescente;Garoa/Chuvisco;Múltipla;Reta;Sim;5;4
35252;2017-05-07;domingo;14:00:00;SP;116;217.0;GUARULHOS;Falta de Atenção à Condução;Colisão lateral;Sem Vítimas;Pleno dia;Crescente;Sol;Simples;Reta;Não;2;2
35292;2017-05-07;domingo;17:50:00;SP;116;146.0;SAO JOSE DOS CAMPOS;Falta de Atenção à Condução;Colisão traseira;Com Vítimas Feridas;Pleno dia;Decrescente;Nublado;Dupla;Não Informado;Não;2;2
35353;2017-05-07;domingo;21:15:00;SP;116;214.0;GUARULHOS;Falta de Atenção à Condução;Capotamento;Com Vítimas Feridas;Plena Noite;Decrescente;Céu Claro;Múltipla;Reta;Sim;2;2
35355;2017-05-07;domingo;20:30:00;SP;116;202.0;ARUJA;Falta de Atenção à Condução;Capotamento;Com Vítimas Feridas;Plena Noite;Crescente;Nublado;Dupla;Reta;Sim;1;1
35447;2017-05-08;segunda-feira;06:50:00;SP;116;227.0;SAO PAULO;Falta de Atenção à Condução;Colisão com objeto em movimento;Com Vítimas Feridas;Pleno dia;Crescente;Nublado;Simples;Reta;Não;3;3
35468;2017-05-08;segunda-feira;07:40:00;SP;116;210.4;GUARULHOS;Não guardar distância de segurança;Colisão lateral;Com Vítimas Feridas;Pleno dia;Decrescente;Nublado;Múltipla;Reta;Sim;2;2
35619;2017-05-08;segunda-feira;17:10:00;SP;116;139.0;SAO JOSE DOS CAMPOS;Não guardar distância de segurança;Colisão traseira;Com Vítimas Feridas;Pleno dia;Crescente;Céu Claro;Dupla;Reta;Não;3;3
35676;2017-05-08;segunda-feira;15:34:00;SP;116;227.0;SAO PAULO;Não guardar distância de segurança;Tombamento;Com Vítimas Feridas;Pleno dia;Decrescente;Sol;Simples;Reta;Sim;1;1
35708;2017-05-08;segunda-feira;15:35:00;SP;116;227.0;SAO PAULO;Desobediência às normas de trânsito pelo condutor;Colisão lateral;Com Vítimas Feridas;Pleno dia;Decrescente;Céu Claro;Múltipla;Reta;Sim;1;1
35898;2017-05-09;terça-feira;23:00:00;SP;116;210.0;GUARULHOS;Ingestão de Álcool;Colisão traseira;Sem Vítimas;Plena Noite;Decrescente;Céu Claro;Múltipla;Reta;Sim;2;2
35899;2017-05-09;terça-feira;23:40:00;SP;116;215.1;GUARULHOS;Ingestão de Álcool;Colisão traseira;Com Vítimas Feridas;Plena Noite;Crescente;Nublado;Múltipla;Reta;Não;3;2
35937;2017-05-10;quarta-feira;08:08:00;SP;116;219.4;GUARULHOS;Não guardar distância de segurança;Colisão lateral;Com Vítimas Feridas;Pleno dia;Crescente;Céu Claro;Múltipla;Reta;Sim;2;2
36127;2017-05-10;quarta-feira;10:45:00;SP;116;211.9;GUARULHOS;Objeto estático sobre o leito carroçável;Saída de leito carroçável;Com Vítimas Feridas;Plena Noite;Decrescente;Nublado;Múltipla;Reta;Sim;2;1
36173;2017-05-11;quinta-feira;06:05:00;SP;116;209.6;GUARULHOS;Pista Escorregadia;Queda de ocupante de veículo;Com Vítimas Feridas;Amanhecer;Crescente;Chuva;Dupla;Interseção de vias;Sim;1;1
36181;2017-05-11;quinta-feira;06:45:00;SP;116;180.9;GUARAREMA;Falta de Atenção à Condução;Colisão com objeto estático;Sem Vítimas;Amanhecer;Decrescente;Chuva;Dupla;Reta;Não;1;1
36182;2017-05-11;quinta-feira;07:30:00;SP;116;214.2;GUARULHOS;Falta de Atenção à Condução;Colisão lateral;Com Vítimas Feridas;Pleno dia;Decrescente;Garoa/Chuvisco;Múltipla;Reta;Sim;3;2
36203;2017-05-11;quinta-feira;08:15:00;SP;116;112.5;TAUBATE;Falta de Atenção à Condução;Colisão traseira;Sem Vítimas;Pleno dia;Decrescente;Nublado;Dupla;Reta;Sim;3;3
36210;2017-05-11;quinta-feira;08:50:00;SP;116;145.0;SAO JOSE DOS CAMPOS;Falta de Atenção à Condução;Colisão lateral;Sem Vítimas;Pleno dia;Crescente;Nublado;Dupla;Reta;Sim;1;1
36247;2017-05-11;quinta-feira;08:05:00;SP;116;108.8;TAUBATE;Falta de Atenção à Condução;Queda de ocupante de veículo;Com Vítimas Feridas;Pleno dia;Decrescente;Nublado;Dupla;Reta;Não;1;1
36355;2017-05-11;quinta-feira;20:10:00;SP;116;208.5;GUARULHOS;Falta de Atenção à Condução;Colisão traseira;Com Vítimas Feridas;Plena Noite;Crescente;Nublado;Dupla;Reta;Sim;2;2
36457;2017-05-12;sexta-feira;07:55:00;SP;116;110.0;TAUBATE;Não guardar distância de segurança;Colisão traseira;Com Vítimas Feridas;Pleno dia;Decrescente;Céu Claro;Dupla;Reta;Sim;4;2
36700;2017-05-13;sábado;00:50:00;SP;116;213.0;GUARULHOS;Ingestão de Álcool;Colisão frontal;Sem Vítimas;Plena Noite;Crescente;Céu Claro;Múltipla;Reta;Sim;2;2
36844;2017-05-13;sábado;14:06:00;SP;116;221.1;GUARULHOS;Não guardar distância de segurança;Colisão traseira;Com Vítimas Feridas;Pleno dia;Crescente;Céu Claro;Múltipla;Reta;Sim;2;2
36921;2017-05-13;sábado;18:30:00;SP;116;204.5;ARUJA;Ingestão de Álcool;Colisão traseira;Sem Vítimas;Plena Noite;Decrescente;Chuva;Dupla;Reta;Sim;2;2
36986;2017-05-13;sábado;21:55:00;SP;116;212.0;GUARULHOS;Falta de Atenção à Condução;Colisão transversal;Sem Vítimas;Plena Noite;Decrescente;Nublado;Múltipla;Desvio Temporário;Sim;1;1
37019;2017-05-14;domingo;01:30:00;SP;116;222.0;GUARULHOS;Não guardar distância de segurança;Colisão traseira;Sem Vítimas;Plena Noite;Crescente;Céu Claro;Múltipla;Reta;Sim;2;2
37074;2017-05-14;domingo;05:41:00;SP;116;220.0;GUARULHOS;Não guardar distância de segurança;Colisão traseira;Com Vítimas Feridas;Amanhecer;Crescente;Céu Claro;Múltipla;Reta;Sim;2;2
37085;2017-05-14;domingo;07:30:00;SP;116;146.0;SAO JOSE DOS CAMPOS;Falta de Atenção à Condução;Colisão traseira;Com Vítimas Feridas;Pleno dia;Crescente;Céu Claro;Dupla;Reta;Não;2;2
37260;2017-05-14;domingo;19:10:00;SP;116;223.9;GUARULHOS;Falta de Atenção à Condução;Colisão traseira;Com Vítimas Feridas;Plena Noite;Decrescente;Céu Claro;Múltipla;Reta;Sim;3;2
37291;2017-05-14;domingo;19:50:00;SP;116;223.0;GUARULHOS;Falta de Atenção do Pedestre;Atropelamento de Pedestre;Com Vítimas Feridas;Pleno dia;Crescente;Nublado;Múltipla;Reta;Sim;2;1
37361;2017-05-15;segunda-feira;04:20:00;SP;116;194.4;SANTA ISABEL;Condutor Dormindo;Saída de leito carroçável;Com Vítimas Feridas;Plena Noite;Crescente;Céu Claro;Dupla;Reta;Não;3;1
37384;2017-05-15;segunda-feira;06:20:00;SP;116;151.3;SAO JOSE DOS CAMPOS;Desobediência às normas de trânsito pelo condutor;Colisão lateral;Com Vítimas Feridas;Amanhecer;Crescente;Nevoeiro/Neblina;Simples;Reta;Sim;2;2
37427;2017-05-15;segunda-feira;08:30:00;SP;116;142.0;SAO JOSE DOS CAMPOS;Falta de Atenção à Condução;Colisão traseira;Sem Vítimas;Pleno dia;Decrescente;Nublado;Dupla;Reta;Sim;2;2
37433;2017-05-15;segunda-feira;08:40:00;SP;116;223.0;GUARULHOS;Não guardar distância de segurança;Tombamento;Com Vítimas Feridas;Pleno dia;Crescente;Céu Claro;Múltipla;Reta;Sim;1;1
37474;2017-05-15;segunda-feira;13:15:00;SP;116;147.4;SAO JOSE DOS CAMPOS;Falta de Atenção à Condução;Colisão traseira;Com Vítimas Feridas;Pleno dia;Crescente;Céu Claro;Múltipla;Reta;Sim;2;2