id;data_inversa;dia_semana;horario;uf;br;km;municipio;causa_acidente;tipo_acidente;classificacao_acidente;fase_dia;sentido_via;condicao_metereologica;tipo_pista;tracado_via;uso_solo;pessoas;veiculos
54594;2017-07-15;sábado;19:00:00;SP;116;217.8;GUARULHOS;Não guardar distância de segurança;Engavetamento;Com Vítimas Feridas;Plena Noite;Crescente;Nublado;Múltipla;Reta;Sim;4;3
54633;2017-07-15;sábado;16:50:00;SP;116;218.3;GUARULHOS;Desobediência às normas de trânsito pelo condutor;Colisão transversal;Com Vítimas Feridas;Pleno dia;Decrescente;Nublado;Simples;Reta;Não;2;2
54658;2017-07-16;domingo;01:00:00;SP;116;111.0;TAUBATE;Restrição de Visibilidade;Colisão traseira;Com Vítimas Feridas;Plena Noite;Crescente;Céu Claro;Dupla;Reta;Sim;3;2
54719;2017-07-16;domingo;03:10:00;SP;116;227.4;SAO PAULO;Falta de Atenção à Condução;Colisão com objeto estático;Sem Vítimas;Plena Noite;Crescente;Céu Claro;Múltipla;Reta;Sim;1;1
54765;2017-07-16;domingo;12:30:00;SP;116;211.0;GUARULHOS;Velocidade Incompatível;Colisão com objeto estático;Com Vítimas Feridas;Pleno dia;Decrescente;Céu Claro;Múltipla;Reta;Sim;4;1
54892;2017-07-16;domingo;19:45:00;SP;116;211.0;GUARULHOS;Ingestão de Álcool;Colisão traseira;Sem Vítimas;Plena Noite;Decrescente;Nublado;Múltipla;Reta;Não;2;2
54901;2017-07-16;domingo;20:35:00;SP;116;220.4;GUARULHOS;Defeito Mecânico no Veículo;Queda de ocupante de veículo;Com Vítimas Feridas;Plena Noite;Crescente;Nublado;Múltipla;Reta;Sim;2;1
54955;2017-07-17;segunda-feira;04:45:00;SP;116;205.0;GUARULHOS;Pista Escorregadia;Queda de ocupante de veículo;Com Vítimas Feridas;Amanhecer;Decrescente;Céu Claro;Dupla;Curva;Sim;1;1
54992;2017-07-17;segunda-feira;07:50:00;SP;116;216.7;GUARULHOS;Falta de Atenção à Condução;Colisão lateral;Com Vítimas Feridas;Pleno dia;Crescente;Sol;Múltipla;Reta;Sim;2;2
55005;2017-07-17;segunda-feira;08:30:00;SP;116;136.9;SAO JOSE DOS CAMPOS;Não guardar distância de segurança;Colisão traseira;Com Vítimas Feridas;Pleno dia;Crescente;Céu Claro;Dupla;Reta;Sim;3;2
55133;2017-07-17;segunda-feira;16:00:00;SP;116;126.8;CACAPAVA;Falta de Atenção à Condução;Colisão com objeto estático;Sem Vítimas;Pleno dia;Decrescente;Céu Claro;Dupla;Reta;Sim;1;1
55163;2017-07-17;segunda-feira;18:25:00;SP;116;224.3;GUARULHOS;Falta de Atenção à Condução;Colisão com objeto estático;Sem Vítimas;Plena Noite;Crescente;Céu Claro;Múltipla;Reta;Sim;1;1
55413;2017-07-18;terça-feira;21:26:00;SP;116;204.0;ARUJA;Ingestão de Álcool;Colisão traseira;Com Vítimas Feridas;Plena Noite;Decrescente;Nublado;Múltipla;Reta;Sim;5;4
55431;2017-07-19;quarta-feira;00:25:00;SP;116;147.4;SAO JOSE DOS CAMPOS;Pista Escorregadia;Queda de ocupante de veículo;Com Vítimas Feridas;Plena Noite;Decrescente;Chuva;Múltipla;Não Informado;Sim;1;1
55599;2017-07-19;quarta-feira;18:31:00;SP;116;211.5;GUARULHOS;Falta de Atenção à Condução;Colisão com objeto estático;Sem Vítimas;Plena Noite;Crescente;Nublado;Múltipla;Desvio Temporário;Sim;2;2
55601;2017-07-19;quarta-feira;18:45:00;SP;116;151.1;SAO JOSE DOS CAMPOS;Falta de Atenção à Condução;Colisão traseira;Com Vítimas Feridas;Plena Noite;Decrescente;Céu Claro;Dupla;Reta;Sim;2;2
55634;2017-07-19;quarta-feira;21:30:00;SP;116;151.3;SAO JOSE DOS CAMPOS;Falta de Atenção do Pedestre;Atropelamento de Pedestre;Com Vítimas Feridas;Plena Noite;Crescente;Céu Claro;Dupla;Reta;Sim;2;1
55637;2017-07-19;quarta-feira;20:50:00;SP;116;138.0;SAO JOSE DOS CAMPOS;Ingestão de Álcool;Colisão traseira;Sem Vítimas;Plena Noite;Decrescente;Céu Claro;Dupla;Reta;Não;2;2
55736;2017-07-20;quinta-feira;14:20:00;SP;116;218.0;GUARULHOS;Objeto estático sobre o leito carroçável;Colisão com objeto estático;Com Vítimas Feridas;Pleno dia;Crescente;Céu Claro;Múltipla;Reta;Sim;1;1
55908;2017-07-21;sexta-feira;07:30:00;SP;116;147.2;SAO JOSE DOS CAMPOS;Não guardar distância de segurança;Engavetamento;Com Vítimas Feridas;Pleno dia;Decrescente;Céu Claro;Dupla;Reta;Sim;4;3
56015;2017-07-21;sexta-feira;15:20:00;SP;116;131.0;SAO JOSE DOS CAMPOS;Falta de Atenção à Condução;Engavetamento;Com Vítimas Feridas;Pleno dia;Decrescente;Céu Claro;Dupla;Reta;Sim;4;4
56025;2017-07-21;sexta-feira;15:45:00;SP;116;142.0;SAO JOSE DOS CAMPOS;Não guardar distância de segurança;Colisão traseira;Com Vítimas Feridas;Pleno dia;Decrescente;Céu Claro;Dupla;Reta;Sim;5;3
56026;2017-07-21;sexta-feira;16:53:00;SP;116;153.3;SAO JOSE DOS CAMPOS;Ingestão de Álcool;Colisão com objeto estático;Com Vítimas Feridas;Pleno dia;Decrescente;Céu Claro;Dupla;Interseção de vias;Sim;1;1
56055;2017-07-21;sexta-feira;17:57:00;SP;116;156.9;SAO JOSE DOS CAMPOS;Falta de Atenção do Pedestre;Atropelamento de Pedestre;Com Vítimas Feridas;Anoitecer;Decrescente;Céu Claro;Dupla;Reta;Sim;3;2
56056;2017-07-21;sexta-feira;18:30:00;SP;116;149.5;SAO JOSE DOS CAMPOS;Falta de Atenção à Condução;Tombamento;Com Vítimas Feridas;Anoitecer;Crescente;Céu Claro;Múltipla;Reta;Sim;1;1
56116;2017-07-21;sexta-feira;21:10:00;SP;116;146.0;SAO JOSE DOS CAMPOS;Defeito Mecânico no Veículo;Colisão com objeto estático;Sem Vítimas;Plena Noite;Decrescente;Céu Claro;Dupla;Não Informado;Não;2;2
56153;2017-07-22;sábado;04:40:00;SP;116;192.5;SANTA ISABEL;Falta de Atenção do Pedestre;Atropelamento de Pedestre;Com Vítimas Fatais;Plena Noite;Crescente;Céu Claro;Dupla;Reta;Não;2;1
56160;2017-07-22;sábado;06:30:00;SP;116;224.1;GUARULHOS;Defeito Mecânico no Veículo;Colisão com objeto estático;Com Vítimas Feridas;Amanhecer;Crescente;Nublado;Múltipla;Reta;Sim;1;1
56185;2017-07-22;sábado;08:29:00;SP;116;116.6;TAUBATE;Não guardar distância de segurança;Colisão traseira;Sem Vítimas;Pleno dia;Decrescente;Sol;Dupla;Reta;Sim;5;5
56211;2017-07-22;sábado;10:00:00;SP;116;183.0;SANTA ISABEL;Falta de Atenção à Condução;Engavetamento;Sem Vítimas;Pleno dia;Decrescente;Céu Claro;Múltipla;Desvio Temporário;Não;3;3
56218;2017-07-22;sábado;11:10:00;SP;116;150.0;SAO JOSE DOS CAMPOS;Defeito Mecânico no Veículo;Queda de ocupante de veículo;Com Vítimas Feridas;Pleno dia;Crescente;Céu Claro;Dupla;Reta;Não;2;1
56286;2017-07-22;sábado;16:50:00;SP;116;227.5;SAO PAULO;Falta de Atenção à Condução;Capotamento;Com Vítimas Feridas;Anoitecer;Crescente;Nublado;Múltipla;Reta;Sim;1;1
56350;2017-07-22;sábado;17:00:00;SP;116;213.0;GUARULHOS;Não guardar distância de segurança;Colisão lateral;Sem Vítimas;Anoitecer;Crescente;Nublado;Simples;Reta;Não;2;2
56394;2017-07-23;domingo;00:45:00;SP;116;227.5;SAO PAULO;Ingestão de Álcool;Capotamento;Sem Vítimas;Plena Noite;Decrescente;Céu Claro;Múltipla;Reta;Sim;1;1
56405;2017-07-23;domingo;01:00:00;SP;116;145.2;SAO JOSE DOS CAMPOS;Ingestão de Álcool;Colisão traseira;Sem Vítimas;Plena Noite;Decrescente;Céu Claro;Múltipla;Não Informado;Sim;3;2
56445;2017-07-23;domingo;06:30:00;SP;116;210.5;GUARULHOS;Condutor Dormindo;Capotamento;Com Vítimas Feridas;Amanhecer;Crescente;Nublado;Simples;Reta;Sim;8;1
56487;2017-07-23;domingo;10:22:00;SP;116;220.0;GUARULHOS;Falta de Atenção à Condução;Colisão traseira;Com Vítimas Feridas;Pleno dia;Crescente;Céu Claro;Múltipla;Reta;Sim;3;2
56500;2017-07-23;domingo;11:15:00;SP;116;211.0;GUARULHOS;Não guardar distância de segurança;Engavetamento;Com Vítimas Feridas;Pleno dia;Crescente;Céu Claro;Múltipla;Reta;Sim;4;3
56738;2017-07-24;segunda-feira;07:10:00;SP;116;216.2;GUARULHOS;Restrição de Visibilidade;Colisão traseira;Com Vítimas Fatais;Pleno dia;Decrescente;Sol;Múltipla;Reta;Sim;1;1
56739;2017-07-24;segunda-feira;07:40:00;SP;116;228.0;SAO PAULO;Velocidade Incompatível;Colisão traseira;Com Vítimas Feridas;Pleno dia;Crescente;Céu Claro;Múltipla;Reta;Sim;2;2
56796;2017-07-24;segunda-feira;11:44:00;SP;116;222.0;GUARULHOS;Defeito Mecânico no Veículo;Incêndio;Sem Vítimas;Pleno dia;Crescente;Céu Claro;Múltipla;Reta;Sim;1;1
56820;2017-07-24;segunda-feira;12:55:00;SP;116;217.0;GUARULHOS;Não guardar distância de segurança;Colisão traseira;Com Vítimas Feridas;Pleno dia;Crescente;Sol;Múltipla;Reta;Sim;4;4
56978;2017-07-25;terça-feira;09:30:00;SP;116;109.3;TAUBATE;Mal Súbito;Colisão com objeto estático;Com Vítimas Feridas;Pleno dia;Crescente;Céu Claro;Dupla;Reta;Sim;1;1
57055;2017-07-25;terça-feira;16:40:00;SP;116;143.9;SAO JOSE DOS CAMPOS;Falta de Atenção à Condução;Colisão traseira;Sem Vítimas;Pleno dia;Crescente;Céu Claro;Dupla;Reta;Não;3;3
57073;2017-07-25;terça-feira;17:53:00;SP;116;207.7;GUARULHOS;Falta de Atenção à Condução;Engavetamento;Com Vítimas Feridas;Plena Noite;Crescente;Céu Claro;Múltipla;Reta;Sim;5;3
57118;2017-07-25;terça-feira;22:40:00;SP;116;223.0;GUARULHOS;Objeto estático sobre o leito carroçável;Colisão com objeto estático;Com Vítimas Feridas;Plena Noite;Decrescente;Céu Claro;Múltipla;Reta;Não;1;1
57154;2017-07-26;quarta-feira;07:15:00;SP;116;136.4;SAO JOSE DOS CAMPOS;Desobediência às normas de trânsito pelo condutor;Colisão traseira;Com Vítimas Feridas;Pleno dia;Decrescente;Céu Claro;Dupla;Reta;Não;3;3
57297;2017-07-26;quarta-feira;19:40:00;SP;116;223.0;GUARULHOS;Mal Súbito;Colisão lateral;Com Vítimas Fatais;Pleno dia;Crescente;Céu Claro;Múltipla;Reta;Sim;2;2
57355;2017-07-27;quinta-feira;02:15:00;SP;116;219.1;GUARULHOS;Não guardar distância de segurança;Colisão traseira;Com Vítimas Feridas;Plena Noite;Decrescente;Céu Claro;Múltipla;Reta;Sim;2;2
57401;2017-07-27;quinta-feira;08:16:00;SP;116;207.0;GUARULHOS;Falta de Atenção à Condução;Colisão traseira;Com Vítimas Feridas;Pleno dia;Crescente;Céu Claro;Múltipla;Reta;Sim;2;2
57459;2017-07-27;quinta-feira;12:30:00;SP;116;125.0;CACAPAVA;Falta de Atenção à Condução;Colisão lateral;Sem Vítimas;Pleno dia;Decrescente;Sol;Dupla;Reta;Sim;2;2
57472;2017-07-27;quinta-feira;14:30:00;SP;116;121.0;CACAPAVA;Mal Súbito;Colisão com objeto estático;Com Vítimas Feridas;Pleno dia;Decrescente;Céu Claro;Dupla;Reta;Não;1;1
57588;2017-07-27;quinta-feira;20:43:00;SP;116;117.0;TAUBATE;Defeito Mecânico no Veículo;Queda de ocupante de veículo;Com Vítimas Feridas;Plena Noite;Decrescente;Céu Claro;Dupla;Reta;Sim;1;1
57605;2017-07-27;quinta-feira;23:23:00;SP;116;108.0;TAUBATE;Defeito Mecânico no Veículo;Colisão com objeto estático;Sem Vítimas;Plena Noite;Decrescente;Céu Claro;Dupla;Reta;Sim;1;1
57721;2017-07-28;sexta-feira;13:30:00;SP;116;185.8;SANTA ISABEL;Falta de Atenção à Condução;Colisão com objeto estático;Sem Vítimas;Pleno dia;Crescente;Sol;Dupla;Reta;Não;1;1
57798;2017-07-28;sexta-feira;19:10:00;SP;116;213.0;GUARULHOS;Velocidade Incompatível;Colisão lateral;Com Vítimas Feridas;Plena Noite;Decrescente;Céu Claro;Múltipla;Reta;Sim;2;2
57872;2017-07-29;sábado;02:00:00;SP;116;131.8;CACAPAVA;Condutor Dormindo;Saída de leito carroçável;Sem Vítimas;Plena Noite;Decrescente;Céu Claro;Dupla;Reta;Não;1;1
58014;2017-07-29;sábado;12:50:00;SP;116;215.4;GUARULHOS;Defeito Mecânico no Veículo;Colisão traseira;Com Vítimas Feridas;Pleno dia;Crescente;Céu Claro;Múltipla;Reta;Sim;3;2
58090;2017-07-29;sábado;18:20:00;SP;116;213.5;GUARULHOS;Falta de Atenção à Condução;Colisão lateral;Sem Vítimas;Plena Noite;Decrescente;Nublado;Múltipla;Reta;Sim;5;2
58103;2017-07-29;sábado;18:35:00;SP;116;204.3;ARUJA;Falta de Atenção à Condução;Colisão traseira;Com Vítimas Feridas;Plena Noite;Decrescente;Nublado;Dupla;Reta;Sim;7;2
58133;2017-07-29;sábado;19:30:00;SP;116;110.8;TAUBATE;Não guardar distância de segurança;Colisão traseira;Sem Vítimas;Plena Noite;Decrescente;Céu Claro;Dupla;Reta;Sim;2;2
58209;2017-07-30;domingo;02:00:00;SP;116;215.3;GUARULHOS;Ingestão de Álcool;Colisão traseira;Sem Vítimas;Plena Noite;Crescente;Nublado;Múltipla;Reta;Sim;5;2
58220;2017-07-30;domingo;04:25:00;SP;116;225.4;GUARULHOS;Não guardar distância de segurança;Colisão lateral;Com Vítimas Feridas;Plena Noite;Crescente;Nublado;Múltipla;Reta;Sim;4;2
58343;2017-07-30;domingo;15:00:00;SP;116;145.1;SAO JOSE DOS CAMPOS;Falta de Atenção à Condução;Colisão com objeto estático;Com Vítimas Feridas;Pleno dia;Decrescente;Céu Claro;Dupla;Reta;Não;2;1
58452;2017-07-30;domingo;19:20:00;SP;116;138.0;SAO JOSE DOS CAMPOS;Falta de Atenção à Condução;Colisão lateral;Com Vítimas Feridas;Plena Noite;Crescente;Céu Claro;Dupla;Reta;Sim;2;2
58463;2017-07-30;domingo;20:30:00;SP;116;213.0;GUARULHOS;Falta de Atenção à Condução;Colisão com objeto estático;Com Vítimas Feridas;Plena Noite;Crescente;Nublado;Simples;Reta;Não;1;1
58500;2017-07-31;segunda-feira;00:30:00;SP;116;223.0;GUARULHOS;Falta de Atenção do Pedestre;Atropelamento de Pedestre;Com Vítimas Feridas;Plena Noite;Crescente;Céu Claro;Múltipla;Reta;Sim;3;1
58501;2017-07-31;segunda-feira;00:20:00;SP;116;122.0;CACAPAVA;Falta de Atenção à Condução;Colisão traseira;Com Vítimas Feridas;Plena Noite;Decrescente;Céu Claro;Dupla;Reta;Sim;1;1
58502;2017-07-30;domingo;23:15:00;SP;116;108.7;TAUBATE;Defeito Mecânico no Veículo;Queda de ocupante de veículo;Com Vítimas Feridas;Plena Noite;Decrescente;Céu Claro;Dupla;Reta;Sim;1;1
58777;2017-08-01;terça-feira;07:15:00;SP;116;222.2;GUARULHOS;Não guardar distância de segurança;Colisão traseira;Com Vítimas Feridas;Pleno dia;Crescente;Céu Claro;Múltipla;Reta;Sim;2;2
59042;2017-08-02;quarta-feira;14:17:00;SP;116;149.8;SAO JOSE DOS CAMPOS;Defeito Mecânico no Veículo;Colisão traseira;Sem Vítimas;Pleno dia;Decrescente;Sol;Múltipla;Reta;Sim;2;2
59054;2017-08-02;quarta-feira;15:10:00;SP;116;226.0;GUARULHOS;Não guardar distância de segurança;Queda de ocupante de veículo;Com Vítimas Feridas;Pleno dia;Decrescente;Céu Claro;Múltipla;Reta;Sim;1;1
59174;2017-08-03;quinta-feira;06:53:00;SP;116;222.0;GUARULHOS;Falta de Atenção à Condução;Colisão lateral;Com Vítimas Feridas;Pleno dia;Crescente;Céu Claro;Múltipla;Reta;Sim;3;2
59185;2017-08-03;quinta-feira;08:10:00;SP;116;228.0;SAO PAULO;Falta de Atenção à Condução;Colisão traseira;Com Vítimas Feridas;Pleno dia;Crescente;Nublado;Múltipla;Reta;Sim;2;2
59187;2017-08-03;quinta-feira;08:15:00;SP;116;219.0;GUARULHOS;Falta de Atenção à Condução;Colisão lateral;Com Vítimas Feridas;Pleno dia;Crescente;Nublado;Simples;Reta;Sim;1;1
59232;2017-08-03;quinta-feira;12:00:00;SP;116;224.0;GUARULHOS;Pista Escorregadia;Colisão com objeto estático;Com Vítimas Feridas;Pleno dia;Crescente;Garoa/Chuvisco;Dupla;Reta;Sim;2;1
59307;2017-08-03;quinta-feira;18:40:00;SP;116;148.4;SAO JOSE DOS CAMPOS;Ingestão de Álcool;Colisão traseira;Com Vítimas Feridas;Plena Noite;Decrescente;Céu Claro;Múltipla;Não Informado;Sim;2;2
59340;2017-08-03;quinta-feira;21:00:00;SP;116;210.0;GUARULHOS;Falta de Atenção à Condução;Colisão com objeto estático;Com Vítimas Feridas;Plena Noite;Crescente;Nublado;Simples;Reta;Sim;1;1
59359;2017-08-03;quinta-feira;23:45:00;SP;116;183.5;GUARAREMA;Não guardar distância de segurança;Colisão traseira;Sem Vítimas;Plena Noite;Crescente;Céu Claro;Dupla;Não Informado;Não;4;2
59417;2017-08-04;sexta-feira;08:10:00;SP;116;219.0;GUARULHOS;Falta de Atenção à Condução;Colisão traseira;Com Vítimas Feridas;Amanhecer;Crescente;Céu Claro;Múltipla;Reta;Sim;3;3
59510;2017-08-04;sexta-feira;14:32:00;SP;116;221.5;GUARULHOS;Falta de Atenção à Condução;Tombamento;Com Vítimas Feridas;Pleno dia;Decrescente;Nublado;Múltipla;Reta;Sim;1;1
59567;2017-08-04;sexta-feira;18:25:00;SP;116;219.0;GUARULHOS;Falta de Atenção à Condução;Colisão traseira;Com Vítimas Feridas;Anoitecer;Crescente;Garoa/Chuvisco;Múltipla;Interseção de vias;Sim;2;2
59636;2017-08-04;sexta-feira;22:10:00;SP;116;228.0;SAO PAULO;Falta de Atenção à Condução;Engavetamento;Sem Vítimas;Plena Noite;Decrescente;Garoa/Chuvisco;Múltipla;Reta;Sim;6;6
59742;2017-08-05;sábado;12:20:00;SP;116;154.0;SAO JOSE DOS CAMPOS;Falta de Atenção à Condução;Atropelamento de Pedestre;Com Vítimas Fatais;Pleno dia;Crescente;Nublado;Dupla;Reta;Sim;4;3
59930;2017-08-06;domingo;01:30:00;SP;116;100.5;TAUBATE;Condutor Dormindo;Colisão com objeto estático;Sem Vítimas;Plena Noite;Decrescente;Nublado;Dupla;Reta;Não;1;1
59951;2017-08-06;domingo;04:00:00;SP;116;212.0;GUARULHOS;Ingestão de Álcool;Capotamento;Com Vítimas Feridas;Plena Noite;Decrescente;Nublado;Múltipla;Reta;Não;2;2
60025;2017-08-06;domingo;11:43:00;SP;116;154.1;SAO JOSE DOS CAMPOS;Não guardar distância de segurança;Tombamento;Com Vítimas Feridas;Pleno dia;Decrescente;Céu Claro;Múltipla;Reta;Sim;2;1
60027;2017-08-06;domingo;11:55:00;SP;116;196.2;ARUJA;Animais na Pista;Capotamento;Sem Vítimas;Pleno dia;Crescente;Sol;Dupla;Reta;Não;2;1
60049;2017-08-06;domingo;15:45:00;SP;116;190.0;SANTA ISABEL;Falta de Atenção à Condução;Colisão com objeto estático;Sem Vítimas;Pleno dia;Crescente;Céu Claro;Dupla;Reta;Não;1;1
60129;2017-08-06;domingo;19:45:00;SP;116;177.3;GUARAREMA;Falta de Atenção do Pedestre;Atropelamento de Pedestre;Com Vítimas Fatais;Plena Noite;Crescente;Céu Claro;Dupla;Reta;Sim;4;1
60146;2017-08-06;domingo;21:22:00;SP;116;211.9;GUARULHOS;Falta de Atenção do Pedestre;Atropelamento de Pedestre;Com Vítimas Feridas;Plena Noite;Crescente;Céu Claro;Múltipla;Reta;Sim;4;1
60197;2017-08-07;segunda-feira;06:00:00;SP;116;190.0;SANTA ISABEL;Objeto estático sobre o leito carroçável;Saída de leito carroçável;Com Vítimas Feridas;Amanhecer;Crescente;Nublado;Dupla;Reta;Não;3;1
60227;2017-04-28;sexta-feira;13:15:00;SP;116;149.0;SAO JOSE DOS CAMPOS;Falta de Atenção à Condução;Atropelamento de Pedestre;Com Vítimas Feridas;Pleno dia;Crescente;Céu Claro;Dupla;Reta;Não;3;1
60236;2017-08-07;segunda-feira;08:00:00;SP;116;221.0;GUARULHOS;Defeito Mecânico no Veículo;Tombamento;Com Vítimas Feridas;Pleno dia;Crescente;Céu Claro;Múltipla;Reta;Não;1;1
60237;2017-08-07;segunda-feira;08:15:00;SP;116;217.0;GUARULHOS;Não guardar distância de segurança;Colisão lateral;Com Vítimas Feridas;Pleno dia;Crescente;Céu Claro;Múltipla;Reta;Sim;2;2
60269;2017-08-07;segunda-feira;11:00:00;SP;116;228.8;SAO PAULO;Falta de Atenção à Condução;Colisão traseira;Com Vítimas Feridas;Pleno dia;Crescente;Céu Claro;Múltipla;Reta;Sim;2;2
60328;2017-08-07;segunda-feira;16:40:00;SP;116;142.1;SAO JOSE DOS CAMPOS;Falta de Atenção do Pedestre;Atropelamento de Pedestre;Com Vítimas Feridas;Pleno dia;Crescente;Céu Claro;Dupla;Reta;Sim;2;1
60424;2017-08-08;terça-feira;06:25:00;SP;116;209.8;GUARULHOS;Não guardar distância de segurança;Colisão lateral;Com Vítimas Feridas;Amanhecer;Crescente;Céu Claro;Múltipla;Não Informado;Sim;2;2
60463;2017-08-08;terça-feira;07:50:00;SP;116;217.3;GUARULHOS;Velocidade Incompatível;Colisão traseira;Com Vítimas Feridas;Pleno dia;Crescente;Sol;Múltipla;Reta;Sim;4;4
60525;2017-05-14;domingo;08:00:00;SP;116;145.7;SAO JOSE DOS CAMPOS;Falta de Atenção à Condução;Colisão traseira;Sem Vítimas;Pleno dia;Crescente;Céu Claro;Dupla;Reta;Sim;2;2
60535;2017-08-08;terça-feira;15:50:00;SP;116;220.7;GUARULHOS;Defeito Mecânico no Veículo;Tombamento;Com Vítimas Feridas;Pleno dia;Crescente;Céu Claro;Múltipla;Reta;Sim;2;1
60596;2017-08-08;terça-feira;19:23:00;SP;116;224.0;GUARULHOS;Falta de Atenção à Condução;Colisão traseira;Com Vítimas Feridas;Anoitecer;Decrescente;Céu Claro;Múltipla;Reta;Sim;1;1
60605;2017-08-08;terça-feira;20:15:00;SP;116;216.4;GUARULHOS;Desobediência às normas de trânsito pelo condutor;Colisão com objeto estático;Com Vítimas Feridas;Plena Noite;Decrescente;Nublado;Múltipla;Reta;Sim;3;3
60652;2017-08-09;quarta-feira;04:15:00;SP;116;118.0;TAUBATE;Falta de Atenção à Condução;Colisão traseira;Com Vítimas Feridas;Plena Noite;Crescente;Ignorado;Dupla;Não Informado;Não;3;2
60653;2017-08-09;quarta-feira;05:50:00;SP;116;110.0;TAUBATE;Falta de Atenção à Condução;Colisão com objeto estático;Sem Vítimas;Pleno dia;Decrescente;Céu Claro;Dupla;Reta;Sim;1;1
60668;2017-08-08;terça-feira;17:10:00;SP;116;173.2;JACAREI;Falta de Atenção à Condução;Queda de ocupante de veículo;Com Vítimas Feridas;Pleno dia;Decrescente;Céu Claro;Dupla;Curva;Sim;1;1
60675;2017-08-09;quarta-feira;08:15:00;SP;116;209.0;GUARULHOS;Não guardar distância de segurança;Colisão traseira;Com Vítimas Feridas;Pleno dia;Crescente;Céu Claro;Dupla;Não Informado;Sim;2;2
61048;2017-08-10;quinta-feira;20:40:00;SP;116;222.8;GUARULHOS;Ingestão de Álcool;Colisão lateral;Com Vítimas Feridas;Plena Noite;Decrescente;Nublado;Múltipla;Reta;Sim;3;2
61054;2017-08-10;quinta-feira;20:15:00;SP;116;141.3;SAO JOSE DOS CAMPOS;Objeto estático sobre o leito carroçável;Colisão com objeto estático;Com Vítimas Feridas;Plena Noite;Decrescente;Céu Claro;Dupla;Reta;Sim;2;1
61089;2017-08-11;sexta-feira;02:28:00;SP;116;210.0;GUARULHOS;Falta de Atenção à Condução;Colisão com objeto estático;Sem Vítimas;Plena Noite;Decrescente;Céu Claro;Múltipla;Reta;Sim;1;1
61137;2017-08-11;sexta-feira;08:05:00;SP;116;145.0;SAO JOSE DOS CAMPOS;Não guardar distância de segurança;Colisão traseira;Sem Vítimas;Pleno dia;Decrescente;Céu Claro;Simples;Reta;Sim;2;2
61170;2017-06-24;sábado;09:40:00;SP;116;145.7;SAO JOSE DOS CAMPOS;Velocidade Incompatível;Engavetamento;Com Vítimas Feridas;Pleno dia;Crescente;Céu Claro;Dupla;Não Informado;Não;11;5
61295;2017-08-11;sexta-feira;18:45:00;SP;116;149.0;SAO JOSE DOS CAMPOS;Falta de Atenção à Condução;Colisão traseira;Sem Vítimas;Plena Noite;Decrescente;Nublado;Dupla;Reta;Não;2;2
61565;2017-08-12;sábado;17:25:00;SP;116;210.8;GUARULHOS;Não guardar distância de segurança;Engavetamento;Com Vítimas Feridas;Anoitecer;Decrescente;Céu Claro;Múltipla;Reta;Sim;5;4
61667;2017-08-13;domingo;00:20:00;SP;116;222.0;GUARULHOS;Não guardar distância de segurança;Colisão traseira;Com Vítimas Feridas;Plena Noite;Decrescente;Céu Claro;Múltipla;Reta;Sim;3;2
61692;2017-08-13;domingo;02:40:00;SP;116;215.8;GUARULHOS;Falta de Atenção à Condução;Colisão com objeto estático;Sem Vítimas;Plena Noite;Crescente;Céu Claro;Múltipla;Reta;Sim;2;2
61706;2017-08-13;domingo;04:00:00;SP;116;142.0;SAO JOSE DOS CAMPOS;Condutor Dormindo;Saída de leito carroçável;Com Vítimas Feridas;Plena Noite;Crescente;Ignorado;Dupla;Reta;Sim;1;1